relation_id,feature_id,data_object,relation,persistence_kind,persistence_location,source_ref
REL-0001,FEAT-LOCAL-ACCOUNT,settings,read,preference_key,default_prefs:account_id,app/src/main/java/com/capyreader/app/preferences/AppPreferences.kt:35
REL-0002,FEAT-SETTINGS,settings,read,preference_key,default_prefs:enable_crash_reporting,app/src/main/java/com/capyreader/app/preferences/AppPreferences.kt:55
REL-0003,FEAT-SETTINGS,settings,read,preference_key,default_prefs:pure_black_dark_mode,app/src/main/java/com/capyreader/app/preferences/AppPreferences.kt:64
REL-0004,FEAT-SETTINGS,settings,read,preference_key,default_prefs:accent_colors,app/src/main/java/com/capyreader/app/preferences/AppPreferences.kt:67
REL-0005,FEAT-SETTINGS,settings,read,preference_key,default_prefs:open_links_internally,app/src/main/java/com/capyreader/app/preferences/AppPreferences.kt:70
REL-0006,FEAT-SETTINGS,settings,read,preference_key,default_prefs:enable_sticky_full_content,app/src/main/java/com/capyreader/app/preferences/AppPreferences.kt:73
REL-0007,FEAT-SETTINGS,settings,read,preference_key,default_prefs:refresh_on_wifi_only,app/src/main/java/com/capyreader/app/preferences/AppPreferences.kt:76
REL-0008,FEAT-SETTINGS,settings,read,preference_key,default_prefs:pane_expansion_index,app/src/main/java/com/capyreader/app/preferences/AppPreferences.kt:79
REL-0009,FEAT-SETTINGS,settings,read,preference_key,default_prefs:feed_group_${type.toString().lowercase()},app/src/main/java/com/capyreader/app/preferences/AppPreferences.kt:82
REL-0010,FEAT-SETTINGS,settings,read,preference_key,default_prefs:article_pin_top_bar,app/src/main/java/com/capyreader/app/preferences/AppPreferences.kt:94
REL-0011,FEAT-SETTINGS,settings,read,preference_key,default_prefs:article_font_size,app/src/main/java/com/capyreader/app/preferences/AppPreferences.kt:97
REL-0012,FEAT-SETTINGS,settings,read,preference_key,default_prefs:article_enable_paging_tap_gesture,app/src/main/java/com/capyreader/app/preferences/AppPreferences.kt:121
REL-0013,FEAT-SETTINGS,settings,read,preference_key,default_prefs:article_enable_horizontal_pagination,app/src/main/java/com/capyreader/app/preferences/AppPreferences.kt:124
REL-0014,FEAT-SETTINGS,settings,read,preference_key,default_prefs:article_improve_talkback,app/src/main/java/com/capyreader/app/preferences/AppPreferences.kt:127
REL-0015,FEAT-SETTINGS,settings,read,preference_key,default_prefs:article_title_font_size,app/src/main/java/com/capyreader/app/preferences/AppPreferences.kt:133
REL-0016,FEAT-SETTINGS,settings,read,preference_key,default_prefs:article_title_follows_body_font,app/src/main/java/com/capyreader/app/preferences/AppPreferences.kt:136
REL-0017,FEAT-SETTINGS,settings,read,preference_key,default_prefs:article_display_feed_name,app/src/main/java/com/capyreader/app/preferences/AppPreferences.kt:150
REL-0018,FEAT-SETTINGS,settings,read,preference_key,default_prefs:article_display_feed_icons,app/src/main/java/com/capyreader/app/preferences/AppPreferences.kt:153
REL-0019,FEAT-SETTINGS,settings,read,preference_key,default_prefs:article_display_show_summary,app/src/main/java/com/capyreader/app/preferences/AppPreferences.kt:156
REL-0020,FEAT-SETTINGS,settings,read,preference_key,default_prefs:article_display_shorten_titles,app/src/main/java/com/capyreader/app/preferences/AppPreferences.kt:162
REL-0021,FEAT-SETTINGS,settings,read,preference_key,default_prefs:article_list_confirm_mark_all_read,app/src/main/java/com/capyreader/app/preferences/AppPreferences.kt:189
REL-0022,FEAT-SETTINGS,settings,read,preference_key,default_prefs:article_list_mark_read_on_scroll,app/src/main/java/com/capyreader/app/preferences/AppPreferences.kt:198
REL-0023,,settings,read,datastore_key,default_prefs:spotlight_current_index,app/src/main/java/com/capyreader/app/ui/widget/SpotlightWidget.kt:122
REL-0024,FEAT-ONLINE-ACCOUNT-UI,settings,read,preference_key,account_<accountID>.prefs:username,capy/src/main/java/com/jocmp/capy/AccountPreferences.kt:17
REL-0025,FEAT-ONLINE-ACCOUNT-UI,settings,read,preference_key,account_<accountID>.prefs:api_url,capy/src/main/java/com/jocmp/capy/AccountPreferences.kt:20
REL-0026,FEAT-ONLINE-ACCOUNT-UI,settings,read,preference_key,account_<accountID>.prefs:client_cert_alias,capy/src/main/java/com/jocmp/capy/AccountPreferences.kt:23
REL-0027,FEAT-ONLINE-ACCOUNT-UI,settings,read,preference_key,account_<accountID>.prefs:password,capy/src/main/java/com/jocmp/capy/AccountPreferences.kt:26
REL-0028,FEAT-SETTINGS,settings,read,preference_key,account_<accountID>.prefs:keyword_blocklist,capy/src/main/java/com/jocmp/capy/AccountPreferences.kt:32
REL-0029,FEAT-ONLINE-ACCOUNT-UI,settings,read,preference_key,account_<accountID>.prefs:can_save_article_externally,capy/src/main/java/com/jocmp/capy/AccountPreferences.kt:35
REL-0030,FEAT-FEED-REFRESH,settings,read,preference_key,account_<accountID>.prefs:last_refreshed_at,capy/src/main/java/com/jocmp/capy/AccountPreferences.kt:38
REL-0031,FEAT-ADD-FEED,feeds,write,room_table,articles_<accountID>.db#feeds,capy/src/main/sqldelight/com/jocmp/capy/db/1_AddFeeds.sqm:1
REL-0032,FEAT-ADD-FEED,feeds,write,room_table,articles_<accountID>.db#feeds,capy/src/main/java/com/jocmp/capy/persistence/FeedRecords.kt:85
REL-0033,FEAT-ADD-FEED,articles,write,room_table,articles_<accountID>.db#articles,capy/src/main/java/com/jocmp/capy/accounts/local/LocalAccountDelegate.kt:96
REL-0034,FEAT-ADD-FEED,feeds,read,room_table,articles_<accountID>.db#feeds,capy/src/main/java/com/jocmp/capy/accounts/local/LocalAccountDelegate.kt:92
REL-0035,FEAT-FEED-REFRESH,articles,write,room_table,articles_<accountID>.db#articles,capy/src/main/java/com/jocmp/capy/accounts/local/LocalAccountDelegate.kt:226
REL-0036,FEAT-FEED-REFRESH,last_refreshed_at,write,preference_key,account_<accountID>.prefs:last_refreshed_at,capy/src/main/java/com/jocmp/capy/AccountPreferences.kt:40
REL-0037,FEAT-READ-UNREAD,article_statuses,write,room_table,articles_<accountID>.db#article_statuses,capy/src/main/java/com/jocmp/capy/Account.kt:366
REL-0038,FEAT-READ-UNREAD,article_statuses,write,room_table,articles_<accountID>.db#article_statuses,capy/src/main/sqldelight/com/jocmp/capy/db/articles.sq:199
REL-0039,FEAT-READ-UNREAD,article_statuses,write,room_table,articles_<accountID>.db#article_statuses,capy/src/main/java/com/jocmp/capy/Account.kt:385
REL-0040,FEAT-STAR,article_statuses,write,room_table,articles_<accountID>.db#article_statuses,capy/src/main/java/com/jocmp/capy/Account.kt:312
REL-0041,FEAT-STAR,article_statuses,write,room_table,articles_<accountID>.db#article_statuses,capy/src/main/sqldelight/com/jocmp/capy/db/articles.sq:204
REL-0042,FEAT-LOCAL-ACCOUNT,account_id,write,preference_key,default_prefs:account_id,app/src/main/java/com/capyreader/app/ui/accounts/AddAccountViewModel.kt:26
REL-0043,FEAT-LOCAL-ACCOUNT,source,write,preference_key,account_<accountID>.prefs:source,capy/src/main/java/com/jocmp/capy/AccountManager.kt:58
REL-0044,FEAT-LOCAL-ACCOUNT,accounts_dir,write,file,filesDir/accounts/<accountID>/,capy/src/main/java/com/jocmp/capy/AccountManager.kt:60
REL-0045,FEAT-LOCAL-PERSISTENCE,articles_<accountID>.db,read,file,databases/articles_<accountID>.db,app/src/main/java/com/capyreader/app/common/AndroidDatabaseProvider.kt:45
REL-0046,FEAT-LOCAL-PERSISTENCE,feeds,read,room_table,articles_<accountID>.db#feeds,app/src/main/java/com/capyreader/app/ui/articles/ArticleScreen.kt:487
REL-0047,FEAT-LOCAL-PERSISTENCE,articles,read,room_table,articles_<accountID>.db#articles,app/src/main/java/com/capyreader/app/ui/articles/ArticleScreen.kt:615
REL-0048,FEAT-LOCAL-PERSISTENCE,article_statuses,read,room_table,articles_<accountID>.db#article_statuses,app/src/main/java/com/capyreader/app/ui/articles/ArticleScreen.kt:620
REL-0049,FEAT-LOCAL-PERSISTENCE,account_id,read,preference_key,default_prefs:account_id,app/src/main/java/com/capyreader/app/MainActivity.kt:43
REL-0050,FEAT-SETTINGS,app_theme,write,preference_key,default_prefs:app_theme,app/src/main/java/com/capyreader/app/ui/components/ThemePicker.kt:115
REL-0051,FEAT-SETTINGS,theme_mode,write,preference_key,default_prefs:theme_mode,app/src/main/java/com/capyreader/app/ui/settings/panels/DisplaySettingsViewModel.kt:70
REL-0052,FEAT-SETTINGS,article_list_sort_order,write,preference_key,default_prefs:article_list_sort_order,app/src/main/java/com/capyreader/app/ui/settings/panels/GeneralSettingsViewModel.kt:71
REL-0053,FEAT-ARTICLE-LIST,article_filter,write,preference_key,default_prefs:article_filter,app/src/main/java/com/capyreader/app/ui/articles/ArticleScreenViewModel.kt:722
REL-0054,FEAT-ARTICLE-READ,articles,read,room_table,articles_<accountID>.db#articles,capy/src/main/java/com/jocmp/capy/Account.kt:303
REL-0055,FEAT-ONLINE-ACCOUNT-UI,username,write,preference_key,account_<accountID>.prefs:username,capy/src/main/java/com/jocmp/capy/AccountManager.kt:40
REL-0056,FEAT-ONLINE-ACCOUNT-UI,password,write,preference_key,account_<accountID>.prefs:password,capy/src/main/java/com/jocmp/capy/AccountManager.kt:41
REL-0057,FEAT-ONLINE-ACCOUNT-UI,api_url,write,preference_key,account_<accountID>.prefs:api_url,capy/src/main/java/com/jocmp/capy/AccountManager.kt:42
