candidate_id,layout,component_id,type,resource_id,android_attr,resolved_value,fidelity_key,category12,harmony_target_hint,page_id,choices_hint
CAND-ASSET-0001-label,app/src/main/java/com/capyreader/app/ui/accounts/AddAccountScreen.kt,COMP-54521090,compose:AddAccountView,,label=,,label,字段-标签,ArkUI 表单字段 label,PAGE-ADDACCOUNTSCREEN-6F7C29A2,填Harmony对应值 / 选 保持/映射/忽略
CAND-ASSET-0001-icon,app/src/main/java/com/capyreader/app/ui/accounts/AddAccountScreen.kt,COMP-54521090,compose:AddAccountView,,icon=,,icon,视觉-图标,base/media/<vector>.svg / .icon,PAGE-ADDACCOUNTSCREEN-6F7C29A2,填Harmony对应值 / 选 保持/映射/忽略
CAND-ASSET-0001-inputType,app/src/main/java/com/capyreader/app/ui/accounts/AddAccountScreen.kt,COMP-54521090,compose:AddAccountView,,inputType=textPersonName,textPersonName,inputType,交互-输入,ArkUI 对应属性,PAGE-ADDACCOUNTSCREEN-6F7C29A2,填Harmony对应值 / 选 保持/映射/忽略
CAND-ASSET-0002-label,app/src/main/java/com/capyreader/app/ui/accounts/LoginScreen.kt,COMP-4F643DC4,compose:LoginView,,label=,,label,字段-标签,ArkUI 表单字段 label,PAGE-LOGINSCREEN-0AE12C1F,填Harmony对应值 / 选 保持/映射/忽略
CAND-ASSET-0002-icon,app/src/main/java/com/capyreader/app/ui/accounts/LoginScreen.kt,COMP-4F643DC4,compose:LoginView,,icon=,,icon,视觉-图标,base/media/<vector>.svg / .icon,PAGE-LOGINSCREEN-0AE12C1F,填Harmony对应值 / 选 保持/映射/忽略
CAND-ASSET-0002-inputType,app/src/main/java/com/capyreader/app/ui/accounts/LoginScreen.kt,COMP-4F643DC4,compose:LoginView,,inputType=text,text,inputType,交互-输入,ArkUI 对应属性,PAGE-LOGINSCREEN-0AE12C1F,填Harmony对应值 / 选 保持/映射/忽略
CAND-ASSET-0004-label,app/src/main/java/com/capyreader/app/ui/accounts/MiniSettings.kt,COMP-CE66C310,compose:IconButton,,label=settings_top_bar_title,settings_top_bar_title,label,字段-标签,ArkUI 表单字段 label,PAGE-MINISETTINGS-2235D2DC,填Harmony对应值 / 选 保持/映射/忽略
CAND-ASSET-0004-icon,app/src/main/java/com/capyreader/app/ui/accounts/MiniSettings.kt,COMP-CE66C310,compose:IconButton,,icon=Settings,Settings,icon,视觉-图标,base/media/<vector>.svg / .icon,PAGE-MINISETTINGS-2235D2DC,填Harmony对应值 / 选 保持/映射/忽略
CAND-ASSET-0004-inputType,app/src/main/java/com/capyreader/app/ui/accounts/MiniSettings.kt,COMP-CE66C310,compose:IconButton,,inputType=textPersonName,textPersonName,inputType,交互-输入,ArkUI 对应属性,PAGE-MINISETTINGS-2235D2DC,填Harmony对应值 / 选 保持/映射/忽略
CAND-ASSET-0005-label,app/src/main/java/com/capyreader/app/ui/accounts/MiniSettings.kt,COMP-4BBFBD70,compose:Dialog,,label=settings_top_bar_title,settings_top_bar_title,label,字段-标签,ArkUI 表单字段 label,PAGE-MINISETTINGS-2235D2DC,填Harmony对应值 / 选 保持/映射/忽略
CAND-ASSET-0005-icon,app/src/main/java/com/capyreader/app/ui/accounts/MiniSettings.kt,COMP-4BBFBD70,compose:Dialog,,icon=Close,Close,icon,视觉-图标,base/media/<vector>.svg / .icon,PAGE-MINISETTINGS-2235D2DC,填Harmony对应值 / 选 保持/映射/忽略
CAND-ASSET-0005-inputType,app/src/main/java/com/capyreader/app/ui/accounts/MiniSettings.kt,COMP-4BBFBD70,compose:Dialog,,inputType=textPersonName,textPersonName,inputType,交互-输入,ArkUI 对应属性,PAGE-MINISETTINGS-2235D2DC,填Harmony对应值 / 选 保持/映射/忽略
CAND-ASSET-0007-label,app/src/main/java/com/capyreader/app/ui/accounts/MiniSettings.kt,COMP-7908F9DD,compose:IconButton,,label=,,label,字段-标签,ArkUI 表单字段 label,PAGE-MINISETTINGS-2235D2DC,填Harmony对应值 / 选 保持/映射/忽略
CAND-ASSET-0007-icon,app/src/main/java/com/capyreader/app/ui/accounts/MiniSettings.kt,COMP-7908F9DD,compose:IconButton,,icon=Close,Close,icon,视觉-图标,base/media/<vector>.svg / .icon,PAGE-MINISETTINGS-2235D2DC,填Harmony对应值 / 选 保持/映射/忽略
CAND-ASSET-0007-inputType,app/src/main/java/com/capyreader/app/ui/accounts/MiniSettings.kt,COMP-7908F9DD,compose:IconButton,,inputType=textPersonName,textPersonName,inputType,交互-输入,ArkUI 对应属性,PAGE-MINISETTINGS-2235D2DC,填Harmony对应值 / 选 保持/映射/忽略
CAND-ASSET-0009-label,app/src/main/java/com/capyreader/app/ui/accounts/MiniSettings.kt,COMP-A01FA175,compose:CrashReportingCheckbox,,label=,,label,字段-标签,ArkUI 表单字段 label,PAGE-MINISETTINGS-2235D2DC,填Harmony对应值 / 选 保持/映射/忽略
CAND-ASSET-0009-icon,app/src/main/java/com/capyreader/app/ui/accounts/MiniSettings.kt,COMP-A01FA175,compose:CrashReportingCheckbox,,icon=,,icon,视觉-图标,base/media/<vector>.svg / .icon,PAGE-MINISETTINGS-2235D2DC,填Harmony对应值 / 选 保持/映射/忽略
CAND-ASSET-0009-inputType,app/src/main/java/com/capyreader/app/ui/accounts/MiniSettings.kt,COMP-A01FA175,compose:CrashReportingCheckbox,,inputType=textPersonName,textPersonName,inputType,交互-输入,ArkUI 对应属性,PAGE-MINISETTINGS-2235D2DC,填Harmony对应值 / 选 保持/映射/忽略
CAND-ASSET-0010-label,app/src/main/java/com/capyreader/app/ui/addintent/AddLinkScreen.kt,COMP-363FAAF8,compose:AddLinkView,,label=,,label,字段-标签,ArkUI 表单字段 label,PAGE-ADDLINKSCREEN-C6EC3530,填Harmony对应值 / 选 保持/映射/忽略
CAND-ASSET-0010-icon,app/src/main/java/com/capyreader/app/ui/addintent/AddLinkScreen.kt,COMP-363FAAF8,compose:AddLinkView,,icon=,,icon,视觉-图标,base/media/<vector>.svg / .icon,PAGE-ADDLINKSCREEN-C6EC3530,填Harmony对应值 / 选 保持/映射/忽略
CAND-ASSET-0010-inputType,app/src/main/java/com/capyreader/app/ui/addintent/AddLinkScreen.kt,COMP-363FAAF8,compose:AddLinkView,,inputType=textPersonName,textPersonName,inputType,交互-输入,ArkUI 对应属性,PAGE-ADDLINKSCREEN-C6EC3530,填Harmony对应值 / 选 保持/映射/忽略
CAND-ASSET-0011-label,app/src/main/java/com/capyreader/app/ui/articles/AddFeedView.kt,COMP-2D3FD4EB,compose:AddFeedView,,label=The Verge - All Feeds,The Verge - All Feeds,label,字段-标签,ArkUI 表单字段 label,PAGE-ADDFEEDVIEWPREVIEW-FULLSCREEN-D15B6218,填Harmony对应值 / 选 保持/映射/忽略
CAND-ASSET-0011-icon,app/src/main/java/com/capyreader/app/ui/articles/AddFeedView.kt,COMP-2D3FD4EB,compose:AddFeedView,,icon=,,icon,视觉-图标,base/media/<vector>.svg / .icon,PAGE-ADDFEEDVIEWPREVIEW-FULLSCREEN-D15B6218,填Harmony对应值 / 选 保持/映射/忽略
CAND-ASSET-0011-inputType,app/src/main/java/com/capyreader/app/ui/articles/AddFeedView.kt,COMP-2D3FD4EB,compose:AddFeedView,,inputType=textPersonName,textPersonName,inputType,交互-输入,ArkUI 对应属性,PAGE-ADDFEEDVIEWPREVIEW-FULLSCREEN-D15B6218,填Harmony对应值 / 选 保持/映射/忽略
CAND-ASSET-0012-label,app/src/main/java/com/capyreader/app/ui/articles/AddFeedView.kt,COMP-CC4378A6,compose:FeedOption,,label=The Verge - All Feeds,The Verge - All Feeds,label,字段-标签,ArkUI 表单字段 label,PAGE-ADDFEEDVIEWPREVIEW-FULLSCREEN-D15B6218,填Harmony对应值 / 选 保持/映射/忽略
CAND-ASSET-0012-icon,app/src/main/java/com/capyreader/app/ui/articles/AddFeedView.kt,COMP-CC4378A6,compose:FeedOption,,icon=,,icon,视觉-图标,base/media/<vector>.svg / .icon,PAGE-ADDFEEDVIEWPREVIEW-FULLSCREEN-D15B6218,填Harmony对应值 / 选 保持/映射/忽略
CAND-ASSET-0012-inputType,app/src/main/java/com/capyreader/app/ui/articles/AddFeedView.kt,COMP-CC4378A6,compose:FeedOption,,inputType=textPersonName,textPersonName,inputType,交互-输入,ArkUI 对应属性,PAGE-ADDFEEDVIEWPREVIEW-FULLSCREEN-D15B6218,填Harmony对应值 / 选 保持/映射/忽略
CAND-ASSET-0013-label,app/src/main/java/com/capyreader/app/ui/articles/AddFeedView.kt,COMP-5014B87F,compose:FeedOption,,label=9to5Google - Comments,9to5Google - Comments,label,字段-标签,ArkUI 表单字段 label,PAGE-ADDFEEDVIEWPREVIEW-FULLSCREEN-D15B6218,填Harmony对应值 / 选 保持/映射/忽略
CAND-ASSET-0013-icon,app/src/main/java/com/capyreader/app/ui/articles/AddFeedView.kt,COMP-5014B87F,compose:FeedOption,,icon=,,icon,视觉-图标,base/media/<vector>.svg / .icon,PAGE-ADDFEEDVIEWPREVIEW-FULLSCREEN-D15B6218,填Harmony对应值 / 选 保持/映射/忽略
CAND-ASSET-0013-inputType,app/src/main/java/com/capyreader/app/ui/articles/AddFeedView.kt,COMP-5014B87F,compose:FeedOption,,inputType=textPersonName,textPersonName,inputType,交互-输入,ArkUI 对应属性,PAGE-ADDFEEDVIEWPREVIEW-FULLSCREEN-D15B6218,填Harmony对应值 / 选 保持/映射/忽略
CAND-ASSET-0017-label,app/src/main/java/com/capyreader/app/ui/articles/EditFolderDialog.kt,COMP-DA2D60BC,compose:Dialog,,label=,,label,字段-标签,ArkUI 表单字段 label,PAGE-EDITFOLDERDIALOG-F27DA060,填Harmony对应值 / 选 保持/映射/忽略
CAND-ASSET-0017-icon,app/src/main/java/com/capyreader/app/ui/articles/EditFolderDialog.kt,COMP-DA2D60BC,compose:Dialog,,icon=,,icon,视觉-图标,base/media/<vector>.svg / .icon,PAGE-EDITFOLDERDIALOG-F27DA060,填Harmony对应值 / 选 保持/映射/忽略
CAND-ASSET-0017-inputType,app/src/main/java/com/capyreader/app/ui/articles/EditFolderDialog.kt,COMP-DA2D60BC,compose:Dialog,,inputType=textPersonName,textPersonName,inputType,交互-输入,ArkUI 对应属性,PAGE-EDITFOLDERDIALOG-F27DA060,填Harmony对应值 / 选 保持/映射/忽略
CAND-ASSET-0018-label,app/src/main/java/com/capyreader/app/ui/articles/EditFolderDialog.kt,COMP-B3E735B1,compose:EditFolderView,,label=,,label,字段-标签,ArkUI 表单字段 label,PAGE-EDITFOLDERDIALOG-F27DA060,填Harmony对应值 / 选 保持/映射/忽略
CAND-ASSET-0018-icon,app/src/main/java/com/capyreader/app/ui/articles/EditFolderDialog.kt,COMP-B3E735B1,compose:EditFolderView,,icon=,,icon,视觉-图标,base/media/<vector>.svg / .icon,PAGE-EDITFOLDERDIALOG-F27DA060,填Harmony对应值 / 选 保持/映射/忽略
CAND-ASSET-0018-inputType,app/src/main/java/com/capyreader/app/ui/articles/EditFolderDialog.kt,COMP-B3E735B1,compose:EditFolderView,,inputType=textPersonName,textPersonName,inputType,交互-输入,ArkUI 对应属性,PAGE-EDITFOLDERDIALOG-F27DA060,填Harmony对应值 / 选 保持/映射/忽略
CAND-ASSET-0028-label,app/src/main/java/com/capyreader/app/ui/articles/UpdateAuthDialog.kt,COMP-A8523973,compose:Dialog,,label=,,label,字段-标签,ArkUI 表单字段 label,PAGE-UPDATEAUTHDIALOG-139F8CE0,填Harmony对应值 / 选 保持/映射/忽略
CAND-ASSET-0028-icon,app/src/main/java/com/capyreader/app/ui/articles/UpdateAuthDialog.kt,COMP-A8523973,compose:Dialog,,icon=,,icon,视觉-图标,base/media/<vector>.svg / .icon,PAGE-UPDATEAUTHDIALOG-139F8CE0,填Harmony对应值 / 选 保持/映射/忽略
CAND-ASSET-0028-inputType,app/src/main/java/com/capyreader/app/ui/articles/UpdateAuthDialog.kt,COMP-A8523973,compose:Dialog,,inputType=text,text,inputType,交互-输入,ArkUI 对应属性,PAGE-UPDATEAUTHDIALOG-139F8CE0,填Harmony对应值 / 选 保持/映射/忽略
CAND-ASSET-0029-label,app/src/main/java/com/capyreader/app/ui/articles/UpdateAuthDialog.kt,COMP-5D9F3E57,compose:DialogProperties,,label=,,label,字段-标签,ArkUI 表单字段 label,PAGE-UPDATEAUTHDIALOG-139F8CE0,填Harmony对应值 / 选 保持/映射/忽略
CAND-ASSET-0029-icon,app/src/main/java/com/capyreader/app/ui/articles/UpdateAuthDialog.kt,COMP-5D9F3E57,compose:DialogProperties,,icon=,,icon,视觉-图标,base/media/<vector>.svg / .icon,PAGE-UPDATEAUTHDIALOG-139F8CE0,填Harmony对应值 / 选 保持/映射/忽略
CAND-ASSET-0029-inputType,app/src/main/java/com/capyreader/app/ui/articles/UpdateAuthDialog.kt,COMP-5D9F3E57,compose:DialogProperties,,inputType=text,text,inputType,交互-输入,ArkUI 对应属性,PAGE-UPDATEAUTHDIALOG-139F8CE0,填Harmony对应值 / 选 保持/映射/忽略
CAND-ASSET-0030-label,app/src/main/java/com/capyreader/app/ui/articles/UpdateAuthDialog.kt,COMP-51609DD8,compose:UpdateAuthView,,label=,,label,字段-标签,ArkUI 表单字段 label,PAGE-UPDATEAUTHDIALOG-139F8CE0,填Harmony对应值 / 选 保持/映射/忽略
CAND-ASSET-0030-icon,app/src/main/java/com/capyreader/app/ui/articles/UpdateAuthDialog.kt,COMP-51609DD8,compose:UpdateAuthView,,icon=,,icon,视觉-图标,base/media/<vector>.svg / .icon,PAGE-UPDATEAUTHDIALOG-139F8CE0,填Harmony对应值 / 选 保持/映射/忽略
CAND-ASSET-0030-inputType,app/src/main/java/com/capyreader/app/ui/articles/UpdateAuthDialog.kt,COMP-51609DD8,compose:UpdateAuthView,,inputType=text,text,inputType,交互-输入,ArkUI 对应属性,PAGE-UPDATEAUTHDIALOG-139F8CE0,填Harmony对应值 / 选 保持/映射/忽略
CAND-ASSET-0032-label,app/src/main/java/com/capyreader/app/ui/articles/detail/ArticleStylePicker.kt,COMP-9D9E534B,compose:FormSection,,label=article_style_text_section,article_style_text_section,label,字段-标签,ArkUI 表单字段 label,PAGE-ARTICLESTYLEPICKER-848F9DCA,填Harmony对应值 / 选 保持/映射/忽略
CAND-ASSET-0032-icon,app/src/main/java/com/capyreader/app/ui/articles/detail/ArticleStylePicker.kt,COMP-9D9E534B,compose:FormSection,,icon=,,icon,视觉-图标,base/media/<vector>.svg / .icon,PAGE-ARTICLESTYLEPICKER-848F9DCA,填Harmony对应值 / 选 保持/映射/忽略
CAND-ASSET-0032-inputType,app/src/main/java/com/capyreader/app/ui/articles/detail/ArticleStylePicker.kt,COMP-9D9E534B,compose:FormSection,,inputType=textPersonName,textPersonName,inputType,交互-输入,ArkUI 对应属性,PAGE-ARTICLESTYLEPICKER-848F9DCA,填Harmony对应值 / 选 保持/映射/忽略
CAND-ASSET-0033-label,app/src/main/java/com/capyreader/app/ui/articles/detail/ArticleStylePicker.kt,COMP-9896AC40,compose:ArticleFontMenu,,label=article_font_scale_label,article_font_scale_label,label,字段-标签,ArkUI 表单字段 label,PAGE-ARTICLESTYLEPICKER-848F9DCA,填Harmony对应值 / 选 保持/映射/忽略
CAND-ASSET-0033-icon,app/src/main/java/com/capyreader/app/ui/articles/detail/ArticleStylePicker.kt,COMP-9896AC40,compose:ArticleFontMenu,,icon=,,icon,视觉-图标,base/media/<vector>.svg / .icon,PAGE-ARTICLESTYLEPICKER-848F9DCA,填Harmony对应值 / 选 保持/映射/忽略
CAND-ASSET-0033-inputType,app/src/main/java/com/capyreader/app/ui/articles/detail/ArticleStylePicker.kt,COMP-9896AC40,compose:ArticleFontMenu,,inputType=textPersonName,textPersonName,inputType,交互-输入,ArkUI 对应属性,PAGE-ARTICLESTYLEPICKER-848F9DCA,填Harmony对应值 / 选 保持/映射/忽略
CAND-ASSET-0034-label,app/src/main/java/com/capyreader/app/ui/articles/detail/ArticleStylePicker.kt,COMP-77F112BE,compose:FormSection,,label=article_font_scale_label,article_font_scale_label,label,字段-标签,ArkUI 表单字段 label,PAGE-ARTICLESTYLEPICKER-848F9DCA,填Harmony对应值 / 选 保持/映射/忽略
CAND-ASSET-0034-icon,app/src/main/java/com/capyreader/app/ui/articles/detail/ArticleStylePicker.kt,COMP-77F112BE,compose:FormSection,,icon=,,icon,视觉-图标,base/media/<vector>.svg / .icon,PAGE-ARTICLESTYLEPICKER-848F9DCA,填Harmony对应值 / 选 保持/映射/忽略
CAND-ASSET-0034-inputType,app/src/main/java/com/capyreader/app/ui/articles/detail/ArticleStylePicker.kt,COMP-77F112BE,compose:FormSection,,inputType=textPersonName,textPersonName,inputType,交互-输入,ArkUI 对应属性,PAGE-ARTICLESTYLEPICKER-848F9DCA,填Harmony对应值 / 选 保持/映射/忽略
CAND-ASSET-0038-label,app/src/main/java/com/capyreader/app/ui/articles/detail/ArticleStylePicker.kt,COMP-19E90CCF,compose:FormSection,,label=article_style_title_section,article_style_title_section,label,字段-标签,ArkUI 表单字段 label,PAGE-ARTICLESTYLEPICKER-848F9DCA,填Harmony对应值 / 选 保持/映射/忽略
CAND-ASSET-0038-icon,app/src/main/java/com/capyreader/app/ui/articles/detail/ArticleStylePicker.kt,COMP-19E90CCF,compose:FormSection,,icon=,,icon,视觉-图标,base/media/<vector>.svg / .icon,PAGE-ARTICLESTYLEPICKER-848F9DCA,填Harmony对应值 / 选 保持/映射/忽略
CAND-ASSET-0038-inputType,app/src/main/java/com/capyreader/app/ui/articles/detail/ArticleStylePicker.kt,COMP-19E90CCF,compose:FormSection,,inputType=textPersonName,textPersonName,inputType,交互-输入,ArkUI 对应属性,PAGE-ARTICLESTYLEPICKER-848F9DCA,填Harmony对应值 / 选 保持/映射/忽略
CAND-ASSET-0039-label,app/src/main/java/com/capyreader/app/ui/articles/detail/ArticleStylePicker.kt,COMP-2A77EF08,compose:TitleAlignmentButtons,,label=article_title_font_scale_label,article_title_font_scale_label,label,字段-标签,ArkUI 表单字段 label,PAGE-ARTICLESTYLEPICKER-848F9DCA,填Harmony对应值 / 选 保持/映射/忽略
CAND-ASSET-0039-icon,app/src/main/java/com/capyreader/app/ui/articles/detail/ArticleStylePicker.kt,COMP-2A77EF08,compose:TitleAlignmentButtons,,icon=,,icon,视觉-图标,base/media/<vector>.svg / .icon,PAGE-ARTICLESTYLEPICKER-848F9DCA,填Harmony对应值 / 选 保持/映射/忽略
CAND-ASSET-0039-inputType,app/src/main/java/com/capyreader/app/ui/articles/detail/ArticleStylePicker.kt,COMP-2A77EF08,compose:TitleAlignmentButtons,,inputType=textPersonName,textPersonName,inputType,交互-输入,ArkUI 对应属性,PAGE-ARTICLESTYLEPICKER-848F9DCA,填Harmony对应值 / 选 保持/映射/忽略
CAND-ASSET-0040-label,app/src/main/java/com/capyreader/app/ui/articles/detail/ArticleStylePicker.kt,COMP-E776CB93,compose:FormSection,,label=article_title_font_scale_label,article_title_font_scale_label,label,字段-标签,ArkUI 表单字段 label,PAGE-ARTICLESTYLEPICKER-848F9DCA,填Harmony对应值 / 选 保持/映射/忽略
CAND-ASSET-0040-icon,app/src/main/java/com/capyreader/app/ui/articles/detail/ArticleStylePicker.kt,COMP-E776CB93,compose:FormSection,,icon=,,icon,视觉-图标,base/media/<vector>.svg / .icon,PAGE-ARTICLESTYLEPICKER-848F9DCA,填Harmony对应值 / 选 保持/映射/忽略
CAND-ASSET-0040-inputType,app/src/main/java/com/capyreader/app/ui/articles/detail/ArticleStylePicker.kt,COMP-E776CB93,compose:FormSection,,inputType=textPersonName,textPersonName,inputType,交互-输入,ArkUI 对应属性,PAGE-ARTICLESTYLEPICKER-848F9DCA,填Harmony对应值 / 选 保持/映射/忽略
CAND-ASSET-0044-label,app/src/main/java/com/capyreader/app/ui/articles/detail/ArticleStylePicker.kt,COMP-3D4BB2D7,compose:TextSwitch,,label=article_style_title_follow_body_font,article_style_title_follow_body_font,label,字段-标签,ArkUI 表单字段 label,PAGE-ARTICLESTYLEPICKER-848F9DCA,填Harmony对应值 / 选 保持/映射/忽略
CAND-ASSET-0044-icon,app/src/main/java/com/capyreader/app/ui/articles/detail/ArticleStylePicker.kt,COMP-3D4BB2D7,compose:TextSwitch,,icon=,,icon,视觉-图标,base/media/<vector>.svg / .icon,PAGE-ARTICLESTYLEPICKER-848F9DCA,填Harmony对应值 / 选 保持/映射/忽略
CAND-ASSET-0044-inputType,app/src/main/java/com/capyreader/app/ui/articles/detail/ArticleStylePicker.kt,COMP-3D4BB2D7,compose:TextSwitch,,inputType=textPersonName,textPersonName,inputType,交互-输入,ArkUI 对应属性,PAGE-ARTICLESTYLEPICKER-848F9DCA,填Harmony对应值 / 选 保持/映射/忽略
CAND-ASSET-0045-label,app/src/main/java/com/capyreader/app/ui/articles/detail/ShareImageDialog.kt,COMP-046FA46A,compose:Dialog,,label=,,label,字段-标签,ArkUI 表单字段 label,PAGE-SHAREIMAGEDIALOG-2DE264D4,填Harmony对应值 / 选 保持/映射/忽略
CAND-ASSET-0045-icon,app/src/main/java/com/capyreader/app/ui/articles/detail/ShareImageDialog.kt,COMP-046FA46A,compose:Dialog,,icon=,,icon,视觉-图标,base/media/<vector>.svg / .icon,PAGE-SHAREIMAGEDIALOG-2DE264D4,填Harmony对应值 / 选 保持/映射/忽略
CAND-ASSET-0045-inputType,app/src/main/java/com/capyreader/app/ui/articles/detail/ShareImageDialog.kt,COMP-046FA46A,compose:Dialog,,inputType=textPersonName,textPersonName,inputType,交互-输入,ArkUI 对应属性,PAGE-SHAREIMAGEDIALOG-2DE264D4,填Harmony对应值 / 选 保持/映射/忽略
CAND-ASSET-0049-divider,app/src/main/java/com/capyreader/app/ui/articles/detail/ShareImageDialog.kt,COMP-5546E379,compose:HorizontalDivider,,divider=1dp,1dp,divider,几何-分割,ArkUI Divider(),PAGE-SHAREIMAGEDIALOG-2DE264D4,填Harmony对应值 / 选 保持/映射/忽略
CAND-ASSET-0051-label,app/src/main/java/com/capyreader/app/ui/articles/detail/ShareLinkDialog.kt,COMP-0F72295B,compose:Dialog,,label=,,label,字段-标签,ArkUI 表单字段 label,PAGE-SHARELINKDIALOG-B04D3B89,填Harmony对应值 / 选 保持/映射/忽略
CAND-ASSET-0051-icon,app/src/main/java/com/capyreader/app/ui/articles/detail/ShareLinkDialog.kt,COMP-0F72295B,compose:Dialog,,icon=,,icon,视觉-图标,base/media/<vector>.svg / .icon,PAGE-SHARELINKDIALOG-B04D3B89,填Harmony对应值 / 选 保持/映射/忽略
CAND-ASSET-0051-inputType,app/src/main/java/com/capyreader/app/ui/articles/detail/ShareLinkDialog.kt,COMP-0F72295B,compose:Dialog,,inputType=textPersonName,textPersonName,inputType,交互-输入,ArkUI 对应属性,PAGE-SHARELINKDIALOG-B04D3B89,填Harmony对应值 / 选 保持/映射/忽略
CAND-ASSET-0054-divider,app/src/main/java/com/capyreader/app/ui/articles/detail/ShareLinkDialog.kt,COMP-B0EE2D96,compose:HorizontalDivider,,divider=1dp,1dp,divider,几何-分割,ArkUI Divider(),PAGE-SHARELINKDIALOG-B04D3B89,填Harmony对应值 / 选 保持/映射/忽略
CAND-ASSET-0056-label,app/src/main/java/com/capyreader/app/ui/articles/feeds/edit/EditFeedDialog.kt,COMP-B4799E5D,compose:Dialog,,label=,,label,字段-标签,ArkUI 表单字段 label,PAGE-EDITFEEDDIALOG-C1A5DAC4,填Harmony对应值 / 选 保持/映射/忽略
CAND-ASSET-0056-icon,app/src/main/java/com/capyreader/app/ui/articles/feeds/edit/EditFeedDialog.kt,COMP-B4799E5D,compose:Dialog,,icon=,,icon,视觉-图标,base/media/<vector>.svg / .icon,PAGE-EDITFEEDDIALOG-C1A5DAC4,填Harmony对应值 / 选 保持/映射/忽略
CAND-ASSET-0056-inputType,app/src/main/java/com/capyreader/app/ui/articles/feeds/edit/EditFeedDialog.kt,COMP-B4799E5D,compose:Dialog,,inputType=textPersonName,textPersonName,inputType,交互-输入,ArkUI 对应属性,PAGE-EDITFEEDDIALOG-C1A5DAC4,填Harmony对应值 / 选 保持/映射/忽略
CAND-ASSET-0057-label,app/src/main/java/com/capyreader/app/ui/articles/feeds/edit/EditFeedDialog.kt,COMP-7785E821,compose:EditFeedView,,label=,,label,字段-标签,ArkUI 表单字段 label,PAGE-EDITFEEDDIALOG-C1A5DAC4,填Harmony对应值 / 选 保持/映射/忽略
CAND-ASSET-0057-icon,app/src/main/java/com/capyreader/app/ui/articles/feeds/edit/EditFeedDialog.kt,COMP-7785E821,compose:EditFeedView,,icon=,,icon,视觉-图标,base/media/<vector>.svg / .icon,PAGE-EDITFEEDDIALOG-C1A5DAC4,填Harmony对应值 / 选 保持/映射/忽略
CAND-ASSET-0057-inputType,app/src/main/java/com/capyreader/app/ui/articles/feeds/edit/EditFeedDialog.kt,COMP-7785E821,compose:EditFeedView,,inputType=textPersonName,textPersonName,inputType,交互-输入,ArkUI 对应属性,PAGE-EDITFEEDDIALOG-C1A5DAC4,填Harmony对应值 / 选 保持/映射/忽略
CAND-ASSET-0063-label,app/src/main/java/com/capyreader/app/ui/articles/list/LabelBottomSheet.kt,COMP-629A18FB,compose:LabelRow,,label=,,label,字段-标签,ArkUI 表单字段 label,PAGE-LABELBOTTOMSHEET-0225305A,填Harmony对应值 / 选 保持/映射/忽略
CAND-ASSET-0063-icon,app/src/main/java/com/capyreader/app/ui/articles/list/LabelBottomSheet.kt,COMP-629A18FB,compose:LabelRow,,icon=,,icon,视觉-图标,base/media/<vector>.svg / .icon,PAGE-LABELBOTTOMSHEET-0225305A,填Harmony对应值 / 选 保持/映射/忽略
CAND-ASSET-0063-inputType,app/src/main/java/com/capyreader/app/ui/articles/list/LabelBottomSheet.kt,COMP-629A18FB,compose:LabelRow,,inputType=textPersonName,textPersonName,inputType,交互-输入,ArkUI 对应属性,PAGE-LABELBOTTOMSHEET-0225305A,填Harmony对应值 / 选 保持/映射/忽略
CAND-ASSET-0064-label,app/src/main/java/com/capyreader/app/ui/articles/list/LabelBottomSheet.kt,COMP-398CC3A4,compose:Spacer,,label=,,label,字段-标签,ArkUI 表单字段 label,PAGE-LABELBOTTOMSHEET-0225305A,填Harmony对应值 / 选 保持/映射/忽略
CAND-ASSET-0064-icon,app/src/main/java/com/capyreader/app/ui/articles/list/LabelBottomSheet.kt,COMP-398CC3A4,compose:Spacer,,icon=,,icon,视觉-图标,base/media/<vector>.svg / .icon,PAGE-LABELBOTTOMSHEET-0225305A,填Harmony对应值 / 选 保持/映射/忽略
CAND-ASSET-0064-inputType,app/src/main/java/com/capyreader/app/ui/articles/list/LabelBottomSheet.kt,COMP-398CC3A4,compose:Spacer,,inputType=textPersonName,textPersonName,inputType,交互-输入,ArkUI 对应属性,PAGE-LABELBOTTOMSHEET-0225305A,填Harmony对应值 / 选 保持/映射/忽略
CAND-ASSET-0065-label,app/src/main/java/com/capyreader/app/ui/articles/list/LabelBottomSheet.kt,COMP-A9A728E3,compose:CreateLabelDialog,,label=,,label,字段-标签,ArkUI 表单字段 label,PAGE-LABELBOTTOMSHEET-0225305A,填Harmony对应值 / 选 保持/映射/忽略
CAND-ASSET-0065-icon,app/src/main/java/com/capyreader/app/ui/articles/list/LabelBottomSheet.kt,COMP-A9A728E3,compose:CreateLabelDialog,,icon=,,icon,视觉-图标,base/media/<vector>.svg / .icon,PAGE-LABELBOTTOMSHEET-0225305A,填Harmony对应值 / 选 保持/映射/忽略
CAND-ASSET-0065-inputType,app/src/main/java/com/capyreader/app/ui/articles/list/LabelBottomSheet.kt,COMP-A9A728E3,compose:CreateLabelDialog,,inputType=textPersonName,textPersonName,inputType,交互-输入,ArkUI 对应属性,PAGE-LABELBOTTOMSHEET-0225305A,填Harmony对应值 / 选 保持/映射/忽略
CAND-ASSET-0067-label,app/src/main/java/com/capyreader/app/ui/articles/list/LabelBottomSheet.kt,COMP-5577DE27,compose:OutlinedTextField,,label=freshrss_labels_create_dialog_label_name,freshrss_labels_create_dialog_label_name,label,字段-标签,ArkUI 表单字段 label,PAGE-CREATELABELDIALOG-8BF35E57,填Harmony对应值 / 选 保持/映射/忽略
CAND-ASSET-0067-icon,app/src/main/java/com/capyreader/app/ui/articles/list/LabelBottomSheet.kt,COMP-5577DE27,compose:OutlinedTextField,,icon=,,icon,视觉-图标,base/media/<vector>.svg / .icon,PAGE-CREATELABELDIALOG-8BF35E57,填Harmony对应值 / 选 保持/映射/忽略
CAND-ASSET-0067-inputType,app/src/main/java/com/capyreader/app/ui/articles/list/LabelBottomSheet.kt,COMP-5577DE27,compose:OutlinedTextField,,inputType=textPersonName,textPersonName,inputType,交互-输入,ArkUI 对应属性,PAGE-CREATELABELDIALOG-8BF35E57,填Harmony对应值 / 选 保持/映射/忽略
CAND-ASSET-0068-label,app/src/main/java/com/capyreader/app/ui/articles/list/LabelBottomSheet.kt,COMP-B0DC2E52,compose:KeyboardActions,,label=freshrss_labels_create_dialog_label_name,freshrss_labels_create_dialog_label_name,label,字段-标签,ArkUI 表单字段 label,PAGE-CREATELABELDIALOG-8BF35E57,填Harmony对应值 / 选 保持/映射/忽略
CAND-ASSET-0068-icon,app/src/main/java/com/capyreader/app/ui/articles/list/LabelBottomSheet.kt,COMP-B0DC2E52,compose:KeyboardActions,,icon=,,icon,视觉-图标,base/media/<vector>.svg / .icon,PAGE-CREATELABELDIALOG-8BF35E57,填Harmony对应值 / 选 保持/映射/忽略
CAND-ASSET-0068-inputType,app/src/main/java/com/capyreader/app/ui/articles/list/LabelBottomSheet.kt,COMP-B0DC2E52,compose:KeyboardActions,,inputType=textPersonName,textPersonName,inputType,交互-输入,ArkUI 对应属性,PAGE-CREATELABELDIALOG-8BF35E57,填Harmony对应值 / 选 保持/映射/忽略
CAND-ASSET-0074-label,app/src/main/java/com/capyreader/app/ui/articles/media/ArticleMediaView.kt,COMP-8FE4FFB0,compose:ZoomSpec,,label=,,label,字段-标签,ArkUI 表单字段 label,PAGE-IMAGEPAGE-93BF815D,填Harmony对应值 / 选 保持/映射/忽略
CAND-ASSET-0074-icon,app/src/main/java/com/capyreader/app/ui/articles/media/ArticleMediaView.kt,COMP-8FE4FFB0,compose:ZoomSpec,,icon=,,icon,视觉-图标,base/media/<vector>.svg / .icon,PAGE-IMAGEPAGE-93BF815D,填Harmony对应值 / 选 保持/映射/忽略
CAND-ASSET-0074-inputType,app/src/main/java/com/capyreader/app/ui/articles/media/ArticleMediaView.kt,COMP-8FE4FFB0,compose:ZoomSpec,,inputType=textPersonName,textPersonName,inputType,交互-输入,ArkUI 对应属性,PAGE-IMAGEPAGE-93BF815D,填Harmony对应值 / 选 保持/映射/忽略
CAND-ASSET-0076-label,app/src/main/java/com/capyreader/app/ui/articles/media/ArticleMediaView.kt,COMP-C51A4621,compose:ZoomableAsyncImage,,label=,,label,字段-标签,ArkUI 表单字段 label,PAGE-IMAGEPAGE-93BF815D,填Harmony对应值 / 选 保持/映射/忽略
CAND-ASSET-0076-icon,app/src/main/java/com/capyreader/app/ui/articles/media/ArticleMediaView.kt,COMP-C51A4621,compose:ZoomableAsyncImage,,icon=,,icon,视觉-图标,base/media/<vector>.svg / .icon,PAGE-IMAGEPAGE-93BF815D,填Harmony对应值 / 选 保持/映射/忽略
CAND-ASSET-0076-inputType,app/src/main/java/com/capyreader/app/ui/articles/media/ArticleMediaView.kt,COMP-C51A4621,compose:ZoomableAsyncImage,,inputType=textPersonName,textPersonName,inputType,交互-输入,ArkUI 对应属性,PAGE-IMAGEPAGE-93BF815D,填Harmony对应值 / 选 保持/映射/忽略
CAND-ASSET-0077-label,app/src/main/java/com/capyreader/app/ui/articles/media/ArticleMediaView.kt,COMP-46301715,compose:Builder,,label=,,label,字段-标签,ArkUI 表单字段 label,PAGE-IMAGEPAGE-93BF815D,填Harmony对应值 / 选 保持/映射/忽略
CAND-ASSET-0077-icon,app/src/main/java/com/capyreader/app/ui/articles/media/ArticleMediaView.kt,COMP-46301715,compose:Builder,,icon=,,icon,视觉-图标,base/media/<vector>.svg / .icon,PAGE-IMAGEPAGE-93BF815D,填Harmony对应值 / 选 保持/映射/忽略
CAND-ASSET-0077-inputType,app/src/main/java/com/capyreader/app/ui/articles/media/ArticleMediaView.kt,COMP-46301715,compose:Builder,,inputType=textPersonName,textPersonName,inputType,交互-输入,ArkUI 对应属性,PAGE-IMAGEPAGE-93BF815D,填Harmony对应值 / 选 保持/映射/忽略
CAND-ASSET-0078-label,app/src/main/java/com/capyreader/app/ui/articles/media/ArticleMediaView.kt,COMP-29E21CDB,compose:LoadingView,,label=,,label,字段-标签,ArkUI 表单字段 label,PAGE-IMAGEPAGE-93BF815D,填Harmony对应值 / 选 保持/映射/忽略
CAND-ASSET-0078-icon,app/src/main/java/com/capyreader/app/ui/articles/media/ArticleMediaView.kt,COMP-29E21CDB,compose:LoadingView,,icon=,,icon,视觉-图标,base/media/<vector>.svg / .icon,PAGE-IMAGEPAGE-93BF815D,填Harmony对应值 / 选 保持/映射/忽略
CAND-ASSET-0078-inputType,app/src/main/java/com/capyreader/app/ui/articles/media/ArticleMediaView.kt,COMP-29E21CDB,compose:LoadingView,,inputType=textPersonName,textPersonName,inputType,交互-输入,ArkUI 对应属性,PAGE-IMAGEPAGE-93BF815D,填Harmony对应值 / 选 保持/映射/忽略
CAND-ASSET-0079-label,app/src/main/java/com/capyreader/app/ui/articles/media/ArticleMediaView.kt,COMP-1CE91D1C,compose:ImageErrorView,,label=,,label,字段-标签,ArkUI 表单字段 label,PAGE-IMAGEPAGE-93BF815D,填Harmony对应值 / 选 保持/映射/忽略
CAND-ASSET-0079-icon,app/src/main/java/com/capyreader/app/ui/articles/media/ArticleMediaView.kt,COMP-1CE91D1C,compose:ImageErrorView,,icon=,,icon,视觉-图标,base/media/<vector>.svg / .icon,PAGE-IMAGEPAGE-93BF815D,填Harmony对应值 / 选 保持/映射/忽略
CAND-ASSET-0079-inputType,app/src/main/java/com/capyreader/app/ui/articles/media/ArticleMediaView.kt,COMP-1CE91D1C,compose:ImageErrorView,,inputType=textPersonName,textPersonName,inputType,交互-输入,ArkUI 对应属性,PAGE-IMAGEPAGE-93BF815D,填Harmony对应值 / 选 保持/映射/忽略
CAND-ASSET-0081-label,app/src/main/java/com/capyreader/app/ui/settings/panels/ArticleListSettings.kt,COMP-E778DBD8,compose:PreviewArticleRow,,label=article_font_scale_label,article_font_scale_label,label,字段-标签,ArkUI 表单字段 label,PAGE-ARTICLELISTSETTINGS-ACD03C79,填Harmony对应值 / 选 保持/映射/忽略
CAND-ASSET-0081-icon,app/src/main/java/com/capyreader/app/ui/settings/panels/ArticleListSettings.kt,COMP-E778DBD8,compose:PreviewArticleRow,,icon=,,icon,视觉-图标,base/media/<vector>.svg / .icon,PAGE-ARTICLELISTSETTINGS-ACD03C79,填Harmony对应值 / 选 保持/映射/忽略
CAND-ASSET-0081-inputType,app/src/main/java/com/capyreader/app/ui/settings/panels/ArticleListSettings.kt,COMP-E778DBD8,compose:PreviewArticleRow,,inputType=textPersonName,textPersonName,inputType,交互-输入,ArkUI 对应属性,PAGE-ARTICLELISTSETTINGS-ACD03C79,填Harmony对应值 / 选 保持/映射/忽略
CAND-ASSET-0082-label,app/src/main/java/com/capyreader/app/ui/settings/panels/ArticleListSettings.kt,COMP-E6133AB3,compose:FormSection,,label=article_font_scale_label,article_font_scale_label,label,字段-标签,ArkUI 表单字段 label,PAGE-ARTICLELISTSETTINGS-ACD03C79,填Harmony对应值 / 选 保持/映射/忽略
CAND-ASSET-0082-icon,app/src/main/java/com/capyreader/app/ui/settings/panels/ArticleListSettings.kt,COMP-E6133AB3,compose:FormSection,,icon=,,icon,视觉-图标,base/media/<vector>.svg / .icon,PAGE-ARTICLELISTSETTINGS-ACD03C79,填Harmony对应值 / 选 保持/映射/忽略
CAND-ASSET-0082-inputType,app/src/main/java/com/capyreader/app/ui/settings/panels/ArticleListSettings.kt,COMP-E6133AB3,compose:FormSection,,inputType=textPersonName,textPersonName,inputType,交互-输入,ArkUI 对应属性,PAGE-ARTICLELISTSETTINGS-ACD03C79,填Harmony对应值 / 选 保持/映射/忽略
CAND-ASSET-0084-label,app/src/main/java/com/capyreader/app/ui/settings/panels/ArticleListSettings.kt,COMP-CBFED241,compose:TextSwitch,,label=settings_article_list_feed_name,settings_article_list_feed_name,label,字段-标签,ArkUI 表单字段 label,PAGE-ARTICLELISTSETTINGS-ACD03C79,填Harmony对应值 / 选 保持/映射/忽略
CAND-ASSET-0084-icon,app/src/main/java/com/capyreader/app/ui/settings/panels/ArticleListSettings.kt,COMP-CBFED241,compose:TextSwitch,,icon=,,icon,视觉-图标,base/media/<vector>.svg / .icon,PAGE-ARTICLELISTSETTINGS-ACD03C79,填Harmony对应值 / 选 保持/映射/忽略
CAND-ASSET-0084-inputType,app/src/main/java/com/capyreader/app/ui/settings/panels/ArticleListSettings.kt,COMP-CBFED241,compose:TextSwitch,,inputType=textPersonName,textPersonName,inputType,交互-输入,ArkUI 对应属性,PAGE-ARTICLELISTSETTINGS-ACD03C79,填Harmony对应值 / 选 保持/映射/忽略
CAND-ASSET-0085-label,app/src/main/java/com/capyreader/app/ui/settings/panels/ArticleListSettings.kt,COMP-298F2129,compose:TextSwitch,,label=settings_article_list_feed_icons,settings_article_list_feed_icons,label,字段-标签,ArkUI 表单字段 label,PAGE-ARTICLELISTSETTINGS-ACD03C79,填Harmony对应值 / 选 保持/映射/忽略
CAND-ASSET-0085-icon,app/src/main/java/com/capyreader/app/ui/settings/panels/ArticleListSettings.kt,COMP-298F2129,compose:TextSwitch,,icon=,,icon,视觉-图标,base/media/<vector>.svg / .icon,PAGE-ARTICLELISTSETTINGS-ACD03C79,填Harmony对应值 / 选 保持/映射/忽略
CAND-ASSET-0085-inputType,app/src/main/java/com/capyreader/app/ui/settings/panels/ArticleListSettings.kt,COMP-298F2129,compose:TextSwitch,,inputType=textPersonName,textPersonName,inputType,交互-输入,ArkUI 对应属性,PAGE-ARTICLELISTSETTINGS-ACD03C79,填Harmony对应值 / 选 保持/映射/忽略
CAND-ASSET-0086-label,app/src/main/java/com/capyreader/app/ui/settings/panels/ArticleListSettings.kt,COMP-3160DE3B,compose:TextSwitch,,label=settings_article_list_summary,settings_article_list_summary,label,字段-标签,ArkUI 表单字段 label,PAGE-ARTICLELISTSETTINGS-ACD03C79,填Harmony对应值 / 选 保持/映射/忽略
CAND-ASSET-0086-icon,app/src/main/java/com/capyreader/app/ui/settings/panels/ArticleListSettings.kt,COMP-3160DE3B,compose:TextSwitch,,icon=,,icon,视觉-图标,base/media/<vector>.svg / .icon,PAGE-ARTICLELISTSETTINGS-ACD03C79,填Harmony对应值 / 选 保持/映射/忽略
CAND-ASSET-0086-inputType,app/src/main/java/com/capyreader/app/ui/settings/panels/ArticleListSettings.kt,COMP-3160DE3B,compose:TextSwitch,,inputType=textPersonName,textPersonName,inputType,交互-输入,ArkUI 对应属性,PAGE-ARTICLELISTSETTINGS-ACD03C79,填Harmony对应值 / 选 保持/映射/忽略
CAND-ASSET-0087-label,app/src/main/java/com/capyreader/app/ui/settings/panels/ArticleListSettings.kt,COMP-55C69B0A,compose:TextSwitch,,label=settings_article_list_shorten_titles,settings_article_list_shorten_titles,label,字段-标签,ArkUI 表单字段 label,PAGE-ARTICLELISTSETTINGS-ACD03C79,填Harmony对应值 / 选 保持/映射/忽略
CAND-ASSET-0087-icon,app/src/main/java/com/capyreader/app/ui/settings/panels/ArticleListSettings.kt,COMP-55C69B0A,compose:TextSwitch,,icon=,,icon,视觉-图标,base/media/<vector>.svg / .icon,PAGE-ARTICLELISTSETTINGS-ACD03C79,填Harmony对应值 / 选 保持/映射/忽略
CAND-ASSET-0087-inputType,app/src/main/java/com/capyreader/app/ui/settings/panels/ArticleListSettings.kt,COMP-55C69B0A,compose:TextSwitch,,inputType=textPersonName,textPersonName,inputType,交互-输入,ArkUI 对应属性,PAGE-ARTICLELISTSETTINGS-ACD03C79,填Harmony对应值 / 选 保持/映射/忽略
CAND-ASSET-0088-label,app/src/main/java/com/capyreader/app/ui/settings/panels/ArticleListSettings.kt,COMP-6B802616,compose:PreferenceSelect,,label=,,label,字段-标签,ArkUI 表单字段 label,PAGE-ARTICLELISTSETTINGS-ACD03C79,填Harmony对应值 / 选 保持/映射/忽略
CAND-ASSET-0088-icon,app/src/main/java/com/capyreader/app/ui/settings/panels/ArticleListSettings.kt,COMP-6B802616,compose:PreferenceSelect,,icon=,,icon,视觉-图标,base/media/<vector>.svg / .icon,PAGE-ARTICLELISTSETTINGS-ACD03C79,填Harmony对应值 / 选 保持/映射/忽略
CAND-ASSET-0088-inputType,app/src/main/java/com/capyreader/app/ui/settings/panels/ArticleListSettings.kt,COMP-6B802616,compose:PreferenceSelect,,inputType=textPersonName,textPersonName,inputType,交互-输入,ArkUI 对应属性,PAGE-ARTICLELISTSETTINGS-ACD03C79,填Harmony对应值 / 选 保持/映射/忽略
CAND-ASSET-0090-label,app/src/main/java/com/capyreader/app/ui/widget/SpotlightWidget.kt,COMP-CA03F9CC,compose:TextStyle,,label=,,label,字段-标签,ArkUI 表单字段 label,PAGE-LOGGEDOUTCONTENT-DD90C773,填Harmony对应值 / 选 保持/映射/忽略
CAND-ASSET-0090-icon,app/src/main/java/com/capyreader/app/ui/widget/SpotlightWidget.kt,COMP-CA03F9CC,compose:TextStyle,,icon=,,icon,视觉-图标,base/media/<vector>.svg / .icon,PAGE-LOGGEDOUTCONTENT-DD90C773,填Harmony对应值 / 选 保持/映射/忽略
CAND-ASSET-0090-inputType,app/src/main/java/com/capyreader/app/ui/widget/SpotlightWidget.kt,COMP-CA03F9CC,compose:TextStyle,,inputType=textPersonName,textPersonName,inputType,交互-输入,ArkUI 对应属性,PAGE-LOGGEDOUTCONTENT-DD90C773,填Harmony对应值 / 选 保持/映射/忽略
CAND-ASSET-FILE-app-src-debug-res-values-ic_launcher_background.xml,app/src/debug/res/values/ic_launcher_background.xml,,FILE_ASSET,app/src/debug/res/values/ic_launcher_background.xml,app/src/debug/res/values/ic_launcher_background.xml,f116a6e2,FILE,,mirror to harmony-project/entry/src/main/resources,,
CAND-ASSET-FILE-app-src-main-AndroidManifest.xml,app/src/main/AndroidManifest.xml,,FILE_ASSET,app/src/main/AndroidManifest.xml,app/src/main/AndroidManifest.xml,bb24734a,FILE,,mirror to harmony-project/entry/src/main/resources,,
CAND-ASSET-FILE-app-src-main-ic_launcher-playstore.png,app/src/main/ic_launcher-playstore.png,,FILE_ASSET,app/src/main/ic_launcher-playstore.png,app/src/main/ic_launcher-playstore.png,5bc818d6,FILE,,mirror to harmony-project/entry/src/main/resources,,
CAND-ASSET-FILE-app-src-main-res-drawable-capy_icon_small.xml,app/src/main/res/drawable/capy_icon_small.xml,,FILE_ASSET,app/src/main/res/drawable/capy_icon_small.xml,app/src/main/res/drawable/capy_icon_small.xml,2560c4b9,FILE,,mirror to harmony-project/entry/src/main/resources,,
CAND-ASSET-FILE-app-src-main-res-drawable-capy_resting.xml,app/src/main/res/drawable/capy_resting.xml,,FILE_ASSET,app/src/main/res/drawable/capy_resting.xml,app/src/main/res/drawable/capy_resting.xml,9d735240,FILE,,mirror to harmony-project/entry/src/main/resources,,
CAND-ASSET-FILE-app-src-main-res-drawable-capy_surprised.xml,app/src/main/res/drawable/capy_surprised.xml,,FILE_ASSET,app/src/main/res/drawable/capy_surprised.xml,app/src/main/res/drawable/capy_surprised.xml,fbaf0b89,FILE,,mirror to harmony-project/entry/src/main/resources,,
CAND-ASSET-FILE-app-src-main-res-drawable-favicon_badge_placeholder.xml,app/src/main/res/drawable/favicon_badge_placeholder.xml,,FILE_ASSET,app/src/main/res/drawable/favicon_badge_placeholder.xml,app/src/main/res/drawable/favicon_badge_placeholder.xml,91c940d9,FILE,,mirror to harmony-project/entry/src/main/resources,,
CAND-ASSET-FILE-app-src-main-res-drawable-feedbin_logo.xml,app/src/main/res/drawable/feedbin_logo.xml,,FILE_ASSET,app/src/main/res/drawable/feedbin_logo.xml,app/src/main/res/drawable/feedbin_logo.xml,4efdc0d7,FILE,,mirror to harmony-project/entry/src/main/resources,,
CAND-ASSET-FILE-app-src-main-res-drawable-freshrss_logo.xml,app/src/main/res/drawable/freshrss_logo.xml,,FILE_ASSET,app/src/main/res/drawable/freshrss_logo.xml,app/src/main/res/drawable/freshrss_logo.xml,bce474d9,FILE,,mirror to harmony-project/entry/src/main/resources,,
CAND-ASSET-FILE-app-src-main-res-drawable-headlines_widget_preview.png,app/src/main/res/drawable/headlines_widget_preview.png,,FILE_ASSET,app/src/main/res/drawable/headlines_widget_preview.png,app/src/main/res/drawable/headlines_widget_preview.png,7036e90c,FILE,,mirror to harmony-project/entry/src/main/resources,,
CAND-ASSET-FILE-app-src-main-res-drawable-hello_world.jpeg,app/src/main/res/drawable/hello_world.jpeg,,FILE_ASSET,app/src/main/res/drawable/hello_world.jpeg,app/src/main/res/drawable/hello_world.jpeg,05aaa19e,FILE,,mirror to harmony-project/entry/src/main/resources,,
CAND-ASSET-FILE-app-src-main-res-drawable-ic_chevron_left.xml,app/src/main/res/drawable/ic_chevron_left.xml,,FILE_ASSET,app/src/main/res/drawable/ic_chevron_left.xml,app/src/main/res/drawable/ic_chevron_left.xml,63432791,FILE,,mirror to harmony-project/entry/src/main/resources,,
CAND-ASSET-FILE-app-src-main-res-drawable-ic_chevron_right.xml,app/src/main/res/drawable/ic_chevron_right.xml,,FILE_ASSET,app/src/main/res/drawable/ic_chevron_right.xml,app/src/main/res/drawable/ic_chevron_right.xml,3d5b8963,FILE,,mirror to harmony-project/entry/src/main/resources,,
CAND-ASSET-FILE-app-src-main-res-drawable-ic_launcher_foreground.xml,app/src/main/res/drawable/ic_launcher_foreground.xml,,FILE_ASSET,app/src/main/res/drawable/ic_launcher_foreground.xml,app/src/main/res/drawable/ic_launcher_foreground.xml,fd3057ea,FILE,,mirror to harmony-project/entry/src/main/resources,,
CAND-ASSET-FILE-app-src-main-res-drawable-ic_launcher_foreground_full_color.xml,app/src/main/res/drawable/ic_launcher_foreground_full_color.xml,,FILE_ASSET,app/src/main/res/drawable/ic_launcher_foreground_full_color.xml,app/src/main/res/drawable/ic_launcher_foreground_full_color.xml,15370a78,FILE,,mirror to harmony-project/entry/src/main/resources,,
CAND-ASSET-FILE-app-src-main-res-drawable-ic_rounded_close.xml,app/src/main/res/drawable/ic_rounded_close.xml,,FILE_ASSET,app/src/main/res/drawable/ic_rounded_close.xml,app/src/main/res/drawable/ic_rounded_close.xml,a347e3cb,FILE,,mirror to harmony-project/entry/src/main/resources,,
CAND-ASSET-FILE-app-src-main-res-drawable-ic_rounded_sync.xml,app/src/main/res/drawable/ic_rounded_sync.xml,,FILE_ASSET,app/src/main/res/drawable/ic_rounded_sync.xml,app/src/main/res/drawable/ic_rounded_sync.xml,d0cd8bdc,FILE,,mirror to harmony-project/entry/src/main/resources,,
CAND-ASSET-FILE-app-src-main-res-drawable-icon_add.xml,app/src/main/res/drawable/icon_add.xml,,FILE_ASSET,app/src/main/res/drawable/icon_add.xml,app/src/main/res/drawable/icon_add.xml,400d9efc,FILE,,mirror to harmony-project/entry/src/main/resources,,
CAND-ASSET-FILE-app-src-main-res-drawable-icon_article_empty.xml,app/src/main/res/drawable/icon_article_empty.xml,,FILE_ASSET,app/src/main/res/drawable/icon_article_empty.xml,app/src/main/res/drawable/icon_article_empty.xml,879e2c3a,FILE,,mirror to harmony-project/entry/src/main/resources,,
CAND-ASSET-FILE-app-src-main-res-drawable-icon_article_error.xml,app/src/main/res/drawable/icon_article_error.xml,,FILE_ASSET,app/src/main/res/drawable/icon_article_error.xml,app/src/main/res/drawable/icon_article_error.xml,ac2910b4,FILE,,mirror to harmony-project/entry/src/main/resources,,
CAND-ASSET-FILE-app-src-main-res-drawable-icon_article_filled.xml,app/src/main/res/drawable/icon_article_filled.xml,,FILE_ASSET,app/src/main/res/drawable/icon_article_filled.xml,app/src/main/res/drawable/icon_article_filled.xml,d9fad3e9,FILE,,mirror to harmony-project/entry/src/main/resources,,
CAND-ASSET-FILE-app-src-main-res-drawable-icon_article_loading.xml,app/src/main/res/drawable/icon_article_loading.xml,,FILE_ASSET,app/src/main/res/drawable/icon_article_loading.xml,app/src/main/res/drawable/icon_article_loading.xml,7b8a6f31,FILE,,mirror to harmony-project/entry/src/main/resources,,
CAND-ASSET-FILE-app-src-main-res-drawable-icon_circle_filled.xml,app/src/main/res/drawable/icon_circle_filled.xml,,FILE_ASSET,app/src/main/res/drawable/icon_circle_filled.xml,app/src/main/res/drawable/icon_circle_filled.xml,718afbd9,FILE,,mirror to harmony-project/entry/src/main/resources,,
CAND-ASSET-FILE-app-src-main-res-drawable-icon_empty_list.xml,app/src/main/res/drawable/icon_empty_list.xml,,FILE_ASSET,app/src/main/res/drawable/icon_empty_list.xml,app/src/main/res/drawable/icon_empty_list.xml,40135dcf,FILE,,mirror to harmony-project/entry/src/main/resources,,
CAND-ASSET-FILE-app-src-main-res-drawable-miniflux_logo.xml,app/src/main/res/drawable/miniflux_logo.xml,,FILE_ASSET,app/src/main/res/drawable/miniflux_logo.xml,app/src/main/res/drawable/miniflux_logo.xml,5b1c32b3,FILE,,mirror to harmony-project/entry/src/main/resources,,
CAND-ASSET-FILE-app-src-main-res-drawable-newsmode.xml,app/src/main/res/drawable/newsmode.xml,,FILE_ASSET,app/src/main/res/drawable/newsmode.xml,app/src/main/res/drawable/newsmode.xml,6f641e0e,FILE,,mirror to harmony-project/entry/src/main/resources,,
CAND-ASSET-FILE-app-src-main-res-drawable-rss_logo.xml,app/src/main/res/drawable/rss_logo.xml,,FILE_ASSET,app/src/main/res/drawable/rss_logo.xml,app/src/main/res/drawable/rss_logo.xml,e56e43a5,FILE,,mirror to harmony-project/entry/src/main/resources,,
CAND-ASSET-FILE-app-src-main-res-drawable-spotlight_scrim.xml,app/src/main/res/drawable/spotlight_scrim.xml,,FILE_ASSET,app/src/main/res/drawable/spotlight_scrim.xml,app/src/main/res/drawable/spotlight_scrim.xml,b1e61e10,FILE,,mirror to harmony-project/entry/src/main/resources,,
CAND-ASSET-FILE-app-src-main-res-drawable-spotlight_widget_preview.png,app/src/main/res/drawable/spotlight_widget_preview.png,,FILE_ASSET,app/src/main/res/drawable/spotlight_widget_preview.png,app/src/main/res/drawable/spotlight_widget_preview.png,868bb184,FILE,,mirror to harmony-project/entry/src/main/resources,,
CAND-ASSET-FILE-app-src-main-res-font-atkinson_hyperlegible.ttf,app/src/main/res/font/atkinson_hyperlegible.ttf,,FILE_ASSET,app/src/main/res/font/atkinson_hyperlegible.ttf,app/src/main/res/font/atkinson_hyperlegible.ttf,7fb917c8,FILE,,mirror to harmony-project/entry/src/main/resources,,
CAND-ASSET-FILE-app-src-main-res-font-inter.ttf,app/src/main/res/font/inter.ttf,,FILE_ASSET,app/src/main/res/font/inter.ttf,app/src/main/res/font/inter.ttf,4989b125,FILE,,mirror to harmony-project/entry/src/main/resources,,
CAND-ASSET-FILE-app-src-main-res-font-jost.ttf,app/src/main/res/font/jost.ttf,,FILE_ASSET,app/src/main/res/font/jost.ttf,app/src/main/res/font/jost.ttf,5a61852c,FILE,,mirror to harmony-project/entry/src/main/resources,,
CAND-ASSET-FILE-app-src-main-res-font-literata.ttf,app/src/main/res/font/literata.ttf,,FILE_ASSET,app/src/main/res/font/literata.ttf,app/src/main/res/font/literata.ttf,11617e5f,FILE,,mirror to harmony-project/entry/src/main/resources,,
CAND-ASSET-FILE-app-src-main-res-font-poppins.ttf,app/src/main/res/font/poppins.ttf,,FILE_ASSET,app/src/main/res/font/poppins.ttf,app/src/main/res/font/poppins.ttf,707fdc5c,FILE,,mirror to harmony-project/entry/src/main/resources,,
CAND-ASSET-FILE-app-src-main-res-font-vollkorn.ttf,app/src/main/res/font/vollkorn.ttf,,FILE_ASSET,app/src/main/res/font/vollkorn.ttf,app/src/main/res/font/vollkorn.ttf,0f4b2ff1,FILE,,mirror to harmony-project/entry/src/main/resources,,
CAND-ASSET-FILE-app-src-main-res-mipmap-anydpi-v26-ic_launcher.xml,app/src/main/res/mipmap-anydpi-v26/ic_launcher.xml,,FILE_ASSET,app/src/main/res/mipmap-anydpi-v26/ic_launcher.xml,app/src/main/res/mipmap-anydpi-v26/ic_launcher.xml,32120983,FILE,,mirror to harmony-project/entry/src/main/resources,,
CAND-ASSET-FILE-app-src-main-res-mipmap-anydpi-v26-ic_launcher_round.xml,app/src/main/res/mipmap-anydpi-v26/ic_launcher_round.xml,,FILE_ASSET,app/src/main/res/mipmap-anydpi-v26/ic_launcher_round.xml,app/src/main/res/mipmap-anydpi-v26/ic_launcher_round.xml,981ee653,FILE,,mirror to harmony-project/entry/src/main/resources,,
CAND-ASSET-FILE-app-src-main-res-raw-template.html,app/src/main/res/raw/template.html,,FILE_ASSET,app/src/main/res/raw/template.html,app/src/main/res/raw/template.html,4ab5309b,FILE,,mirror to harmony-project/entry/src/main/resources,,
CAND-ASSET-FILE-app-src-main-res-values-ar-strings.xml,app/src/main/res/values-ar/strings.xml,,FILE_ASSET,app/src/main/res/values-ar/strings.xml,app/src/main/res/values-ar/strings.xml,003236f6,FILE,,mirror to harmony-project/entry/src/main/resources,,
CAND-ASSET-FILE-app-src-main-res-values-b+sr+Latn-strings.xml,app/src/main/res/values-b+sr+Latn/strings.xml,,FILE_ASSET,app/src/main/res/values-b+sr+Latn/strings.xml,app/src/main/res/values-b+sr+Latn/strings.xml,94dc4e93,FILE,,mirror to harmony-project/entry/src/main/resources,,
CAND-ASSET-FILE-app-src-main-res-values-bg-strings.xml,app/src/main/res/values-bg/strings.xml,,FILE_ASSET,app/src/main/res/values-bg/strings.xml,app/src/main/res/values-bg/strings.xml,042eada9,FILE,,mirror to harmony-project/entry/src/main/resources,,
CAND-ASSET-FILE-app-src-main-res-values-ca-strings.xml,app/src/main/res/values-ca/strings.xml,,FILE_ASSET,app/src/main/res/values-ca/strings.xml,app/src/main/res/values-ca/strings.xml,7d721e5b,FILE,,mirror to harmony-project/entry/src/main/resources,,
CAND-ASSET-FILE-app-src-main-res-values-cs-strings.xml,app/src/main/res/values-cs/strings.xml,,FILE_ASSET,app/src/main/res/values-cs/strings.xml,app/src/main/res/values-cs/strings.xml,4a12366d,FILE,,mirror to harmony-project/entry/src/main/resources,,
CAND-ASSET-FILE-app-src-main-res-values-cy-strings.xml,app/src/main/res/values-cy/strings.xml,,FILE_ASSET,app/src/main/res/values-cy/strings.xml,app/src/main/res/values-cy/strings.xml,513444ef,FILE,,mirror to harmony-project/entry/src/main/resources,,
CAND-ASSET-FILE-app-src-main-res-values-da-strings.xml,app/src/main/res/values-da/strings.xml,,FILE_ASSET,app/src/main/res/values-da/strings.xml,app/src/main/res/values-da/strings.xml,250f4ebc,FILE,,mirror to harmony-project/entry/src/main/resources,,
CAND-ASSET-FILE-app-src-main-res-values-de-strings.xml,app/src/main/res/values-de/strings.xml,,FILE_ASSET,app/src/main/res/values-de/strings.xml,app/src/main/res/values-de/strings.xml,6144862b,FILE,,mirror to harmony-project/entry/src/main/resources,,
CAND-ASSET-FILE-app-src-main-res-values-el-strings.xml,app/src/main/res/values-el/strings.xml,,FILE_ASSET,app/src/main/res/values-el/strings.xml,app/src/main/res/values-el/strings.xml,7727d28a,FILE,,mirror to harmony-project/entry/src/main/resources,,
CAND-ASSET-FILE-app-src-main-res-values-es-strings.xml,app/src/main/res/values-es/strings.xml,,FILE_ASSET,app/src/main/res/values-es/strings.xml,app/src/main/res/values-es/strings.xml,2f9c4ab1,FILE,,mirror to harmony-project/entry/src/main/resources,,
CAND-ASSET-FILE-app-src-main-res-values-et-strings.xml,app/src/main/res/values-et/strings.xml,,FILE_ASSET,app/src/main/res/values-et/strings.xml,app/src/main/res/values-et/strings.xml,31c1f108,FILE,,mirror to harmony-project/entry/src/main/resources,,
CAND-ASSET-FILE-app-src-main-res-values-eu-strings.xml,app/src/main/res/values-eu/strings.xml,,FILE_ASSET,app/src/main/res/values-eu/strings.xml,app/src/main/res/values-eu/strings.xml,bb7bb3ef,FILE,,mirror to harmony-project/entry/src/main/resources,,
CAND-ASSET-FILE-app-src-main-res-values-fr-strings.xml,app/src/main/res/values-fr/strings.xml,,FILE_ASSET,app/src/main/res/values-fr/strings.xml,app/src/main/res/values-fr/strings.xml,fd2a5aa9,FILE,,mirror to harmony-project/entry/src/main/resources,,
CAND-ASSET-FILE-app-src-main-res-values-gl-strings.xml,app/src/main/res/values-gl/strings.xml,,FILE_ASSET,app/src/main/res/values-gl/strings.xml,app/src/main/res/values-gl/strings.xml,fa3e4223,FILE,,mirror to harmony-project/entry/src/main/resources,,
CAND-ASSET-FILE-app-src-main-res-values-hu-strings.xml,app/src/main/res/values-hu/strings.xml,,FILE_ASSET,app/src/main/res/values-hu/strings.xml,app/src/main/res/values-hu/strings.xml,af350d57,FILE,,mirror to harmony-project/entry/src/main/resources,,
CAND-ASSET-FILE-app-src-main-res-values-in-strings.xml,app/src/main/res/values-in/strings.xml,,FILE_ASSET,app/src/main/res/values-in/strings.xml,app/src/main/res/values-in/strings.xml,42b853e9,FILE,,mirror to harmony-project/entry/src/main/resources,,
CAND-ASSET-FILE-app-src-main-res-values-it-strings.xml,app/src/main/res/values-it/strings.xml,,FILE_ASSET,app/src/main/res/values-it/strings.xml,app/src/main/res/values-it/strings.xml,c65bde2d,FILE,,mirror to harmony-project/entry/src/main/resources,,
CAND-ASSET-FILE-app-src-main-res-values-iw-strings.xml,app/src/main/res/values-iw/strings.xml,,FILE_ASSET,app/src/main/res/values-iw/strings.xml,app/src/main/res/values-iw/strings.xml,283be465,FILE,,mirror to harmony-project/entry/src/main/resources,,
CAND-ASSET-FILE-app-src-main-res-values-ja-strings.xml,app/src/main/res/values-ja/strings.xml,,FILE_ASSET,app/src/main/res/values-ja/strings.xml,app/src/main/res/values-ja/strings.xml,0740bb7f,FILE,,mirror to harmony-project/entry/src/main/resources,,
CAND-ASSET-FILE-app-src-main-res-values-lv-strings.xml,app/src/main/res/values-lv/strings.xml,,FILE_ASSET,app/src/main/res/values-lv/strings.xml,app/src/main/res/values-lv/strings.xml,5aaaf9ba,FILE,,mirror to harmony-project/entry/src/main/resources,,
CAND-ASSET-FILE-app-src-main-res-values-ml-strings.xml,app/src/main/res/values-ml/strings.xml,,FILE_ASSET,app/src/main/res/values-ml/strings.xml,app/src/main/res/values-ml/strings.xml,80da181b,FILE,,mirror to harmony-project/entry/src/main/resources,,
CAND-ASSET-FILE-app-src-main-res-values-nb-rNO-strings.xml,app/src/main/res/values-nb-rNO/strings.xml,,FILE_ASSET,app/src/main/res/values-nb-rNO/strings.xml,app/src/main/res/values-nb-rNO/strings.xml,eddf8b01,FILE,,mirror to harmony-project/entry/src/main/resources,,
CAND-ASSET-FILE-app-src-main-res-values-ne-strings.xml,app/src/main/res/values-ne/strings.xml,,FILE_ASSET,app/src/main/res/values-ne/strings.xml,app/src/main/res/values-ne/strings.xml,40931925,FILE,,mirror to harmony-project/entry/src/main/resources,,
CAND-ASSET-FILE-app-src-main-res-values-nl-strings.xml,app/src/main/res/values-nl/strings.xml,,FILE_ASSET,app/src/main/res/values-nl/strings.xml,app/src/main/res/values-nl/strings.xml,66b797ef,FILE,,mirror to harmony-project/entry/src/main/resources,,
CAND-ASSET-FILE-app-src-main-res-values-pl-strings.xml,app/src/main/res/values-pl/strings.xml,,FILE_ASSET,app/src/main/res/values-pl/strings.xml,app/src/main/res/values-pl/strings.xml,b4b9eed2,FILE,,mirror to harmony-project/entry/src/main/resources,,
CAND-ASSET-FILE-app-src-main-res-values-pt-rBR-strings.xml,app/src/main/res/values-pt-rBR/strings.xml,,FILE_ASSET,app/src/main/res/values-pt-rBR/strings.xml,app/src/main/res/values-pt-rBR/strings.xml,e6679c2a,FILE,,mirror to harmony-project/entry/src/main/resources,,
CAND-ASSET-FILE-app-src-main-res-values-pt-strings.xml,app/src/main/res/values-pt/strings.xml,,FILE_ASSET,app/src/main/res/values-pt/strings.xml,app/src/main/res/values-pt/strings.xml,2d3f31df,FILE,,mirror to harmony-project/entry/src/main/resources,,
CAND-ASSET-FILE-app-src-main-res-values-ro-strings.xml,app/src/main/res/values-ro/strings.xml,,FILE_ASSET,app/src/main/res/values-ro/strings.xml,app/src/main/res/values-ro/strings.xml,4903686c,FILE,,mirror to harmony-project/entry/src/main/resources,,
CAND-ASSET-FILE-app-src-main-res-values-ru-strings.xml,app/src/main/res/values-ru/strings.xml,,FILE_ASSET,app/src/main/res/values-ru/strings.xml,app/src/main/res/values-ru/strings.xml,f5c28a6b,FILE,,mirror to harmony-project/entry/src/main/resources,,
CAND-ASSET-FILE-app-src-main-res-values-sv-strings.xml,app/src/main/res/values-sv/strings.xml,,FILE_ASSET,app/src/main/res/values-sv/strings.xml,app/src/main/res/values-sv/strings.xml,3a78b6c3,FILE,,mirror to harmony-project/entry/src/main/resources,,
CAND-ASSET-FILE-app-src-main-res-values-ta-strings.xml,app/src/main/res/values-ta/strings.xml,,FILE_ASSET,app/src/main/res/values-ta/strings.xml,app/src/main/res/values-ta/strings.xml,5a20461f,FILE,,mirror to harmony-project/entry/src/main/resources,,
CAND-ASSET-FILE-app-src-main-res-values-tr-strings.xml,app/src/main/res/values-tr/strings.xml,,FILE_ASSET,app/src/main/res/values-tr/strings.xml,app/src/main/res/values-tr/strings.xml,0124669c,FILE,,mirror to harmony-project/entry/src/main/resources,,
CAND-ASSET-FILE-app-src-main-res-values-uk-strings.xml,app/src/main/res/values-uk/strings.xml,,FILE_ASSET,app/src/main/res/values-uk/strings.xml,app/src/main/res/values-uk/strings.xml,074aaf74,FILE,,mirror to harmony-project/entry/src/main/resources,,
CAND-ASSET-FILE-app-src-main-res-values-zh-rCN-strings.xml,app/src/main/res/values-zh-rCN/strings.xml,,FILE_ASSET,app/src/main/res/values-zh-rCN/strings.xml,app/src/main/res/values-zh-rCN/strings.xml,39c13d57,FILE,,mirror to harmony-project/entry/src/main/resources,,
CAND-ASSET-FILE-app-src-main-res-values-zh-rTW-strings.xml,app/src/main/res/values-zh-rTW/strings.xml,,FILE_ASSET,app/src/main/res/values-zh-rTW/strings.xml,app/src/main/res/values-zh-rTW/strings.xml,b28a7d45,FILE,,mirror to harmony-project/entry/src/main/resources,,
CAND-ASSET-FILE-app-src-main-res-values-colors.xml,app/src/main/res/values/colors.xml,,FILE_ASSET,app/src/main/res/values/colors.xml,app/src/main/res/values/colors.xml,57681038,FILE,,mirror to harmony-project/entry/src/main/resources,,
CAND-ASSET-FILE-app-src-main-res-values-ic_launcher_background.xml,app/src/main/res/values/ic_launcher_background.xml,,FILE_ASSET,app/src/main/res/values/ic_launcher_background.xml,app/src/main/res/values/ic_launcher_background.xml,1d29fb2f,FILE,,mirror to harmony-project/entry/src/main/resources,,
CAND-ASSET-FILE-app-src-main-res-values-strings.xml,app/src/main/res/values/strings.xml,,FILE_ASSET,app/src/main/res/values/strings.xml,app/src/main/res/values/strings.xml,a916e555,FILE,,mirror to harmony-project/entry/src/main/resources,,
CAND-ASSET-FILE-app-src-main-res-values-themes.xml,app/src/main/res/values/themes.xml,,FILE_ASSET,app/src/main/res/values/themes.xml,app/src/main/res/values/themes.xml,d5a66b07,FILE,,mirror to harmony-project/entry/src/main/resources,,
CAND-ASSET-FILE-app-src-main-res-xml-v31-headlines_widget.xml,app/src/main/res/xml-v31/headlines_widget.xml,,FILE_ASSET,app/src/main/res/xml-v31/headlines_widget.xml,app/src/main/res/xml-v31/headlines_widget.xml,aaf37d05,FILE,,mirror to harmony-project/entry/src/main/resources,,
CAND-ASSET-FILE-app-src-main-res-xml-v31-spotlight_widget.xml,app/src/main/res/xml-v31/spotlight_widget.xml,,FILE_ASSET,app/src/main/res/xml-v31/spotlight_widget.xml,app/src/main/res/xml-v31/spotlight_widget.xml,07ba3b8f,FILE,,mirror to harmony-project/entry/src/main/resources,,
CAND-ASSET-FILE-app-src-main-res-xml-backup_rules.xml,app/src/main/res/xml/backup_rules.xml,,FILE_ASSET,app/src/main/res/xml/backup_rules.xml,app/src/main/res/xml/backup_rules.xml,602e880c,FILE,,mirror to harmony-project/entry/src/main/resources,,
CAND-ASSET-FILE-app-src-main-res-xml-data_extraction_rules.xml,app/src/main/res/xml/data_extraction_rules.xml,,FILE_ASSET,app/src/main/res/xml/data_extraction_rules.xml,app/src/main/res/xml/data_extraction_rules.xml,30ae9956,FILE,,mirror to harmony-project/entry/src/main/resources,,
CAND-ASSET-FILE-app-src-main-res-xml-file_paths.xml,app/src/main/res/xml/file_paths.xml,,FILE_ASSET,app/src/main/res/xml/file_paths.xml,app/src/main/res/xml/file_paths.xml,33a39292,FILE,,mirror to harmony-project/entry/src/main/resources,,
CAND-ASSET-FILE-app-src-main-res-xml-headlines_widget.xml,app/src/main/res/xml/headlines_widget.xml,,FILE_ASSET,app/src/main/res/xml/headlines_widget.xml,app/src/main/res/xml/headlines_widget.xml,8997fb05,FILE,,mirror to harmony-project/entry/src/main/resources,,
CAND-ASSET-FILE-app-src-main-res-xml-locales_config.xml,app/src/main/res/xml/locales_config.xml,,FILE_ASSET,app/src/main/res/xml/locales_config.xml,app/src/main/res/xml/locales_config.xml,61fac0e0,FILE,,mirror to harmony-project/entry/src/main/resources,,
CAND-ASSET-FILE-app-src-main-res-xml-network_security_config.xml,app/src/main/res/xml/network_security_config.xml,,FILE_ASSET,app/src/main/res/xml/network_security_config.xml,app/src/main/res/xml/network_security_config.xml,34b30415,FILE,,mirror to harmony-project/entry/src/main/resources,,
CAND-ASSET-FILE-app-src-main-res-xml-spotlight_widget.xml,app/src/main/res/xml/spotlight_widget.xml,,FILE_ASSET,app/src/main/res/xml/spotlight_widget.xml,app/src/main/res/xml/spotlight_widget.xml,e6876311,FILE,,mirror to harmony-project/entry/src/main/resources,,
CAND-ASSET-FILE-app-src-nightly-res-drawable-ic_launcher_foreground.xml,app/src/nightly/res/drawable/ic_launcher_foreground.xml,,FILE_ASSET,app/src/nightly/res/drawable/ic_launcher_foreground.xml,app/src/nightly/res/drawable/ic_launcher_foreground.xml,40135dcf,FILE,,mirror to harmony-project/entry/src/main/resources,,
CAND-ASSET-FILE-app-src-nightly-res-drawable-ic_launcher_foreground_full_color.xml,app/src/nightly/res/drawable/ic_launcher_foreground_full_color.xml,,FILE_ASSET,app/src/nightly/res/drawable/ic_launcher_foreground_full_color.xml,app/src/nightly/res/drawable/ic_launcher_foreground_full_color.xml,30af6af8,FILE,,mirror to harmony-project/entry/src/main/resources,,
CAND-ASSET-FILE-app-src-nightly-res-values-ic_launcher_background.xml,app/src/nightly/res/values/ic_launcher_background.xml,,FILE_ASSET,app/src/nightly/res/values/ic_launcher_background.xml,app/src/nightly/res/values/ic_launcher_background.xml,4ab798b0,FILE,,mirror to harmony-project/entry/src/main/resources,,
CAND-ASSET-FILE-app-src-nightly-res-values-strings.xml,app/src/nightly/res/values/strings.xml,,FILE_ASSET,app/src/nightly/res/values/strings.xml,app/src/nightly/res/values/strings.xml,c38d991f,FILE,,mirror to harmony-project/entry/src/main/resources,,
CAND-ASSET-FILE-article_forge-public-res-font-atkinson_hyperlegible.ttf,article_forge/public/res/font/atkinson_hyperlegible.ttf,,FILE_ASSET,article_forge/public/res/font/atkinson_hyperlegible.ttf,article_forge/public/res/font/atkinson_hyperlegible.ttf,7fb917c8,FILE,,mirror to harmony-project/entry/src/main/resources,,
CAND-ASSET-FILE-article_forge-public-res-font-inter.ttf,article_forge/public/res/font/inter.ttf,,FILE_ASSET,article_forge/public/res/font/inter.ttf,article_forge/public/res/font/inter.ttf,4989b125,FILE,,mirror to harmony-project/entry/src/main/resources,,
CAND-ASSET-FILE-article_forge-public-res-font-jost.ttf,article_forge/public/res/font/jost.ttf,,FILE_ASSET,article_forge/public/res/font/jost.ttf,article_forge/public/res/font/jost.ttf,5a61852c,FILE,,mirror to harmony-project/entry/src/main/resources,,
CAND-ASSET-FILE-article_forge-public-res-font-literata.ttf,article_forge/public/res/font/literata.ttf,,FILE_ASSET,article_forge/public/res/font/literata.ttf,article_forge/public/res/font/literata.ttf,11617e5f,FILE,,mirror to harmony-project/entry/src/main/resources,,
CAND-ASSET-FILE-article_forge-public-res-font-poppins.ttf,article_forge/public/res/font/poppins.ttf,,FILE_ASSET,article_forge/public/res/font/poppins.ttf,article_forge/public/res/font/poppins.ttf,707fdc5c,FILE,,mirror to harmony-project/entry/src/main/resources,,
CAND-ASSET-FILE-article_forge-public-res-font-vollkorn.ttf,article_forge/public/res/font/vollkorn.ttf,,FILE_ASSET,article_forge/public/res/font/vollkorn.ttf,article_forge/public/res/font/vollkorn.ttf,0f4b2ff1,FILE,,mirror to harmony-project/entry/src/main/resources,,
